term,tfidf_score
bad,0.0684402461493764
service,0.04798180564014005
shopzilla,0.04534574383065102
problem,0.04305386837198233
product,0.033349573060346915
poor,0.03251011938950453
customer,0.03242773237234283
worst,0.02920006350141724
issue,0.027951899316368007
good,0.02678051576050486
delivery,0.026106837051910834
resolved,0.023654124681669313
experience,0.021203472959378612
time,0.020064206415155966
order,0.01967347327177573
solve,0.01891501590246924
return,0.01794604104016267
solved,0.016874020859347895
bad service,0.015734466011252172
support,0.015031780219458791
executive,0.013930884301802397
wrong,0.013618287195591845
issue resolved,0.012917174941456578
happy,0.012731832847878644
policy,0.011569048067356466
pathetic,0.011433729586830572
bad experience,0.010992284752135796
don,0.010671170293666848
resolve,0.01054856428796646
customer service,0.010356201658217374
fraud,0.01026316129932068
refund,0.010255950680991655
delivered,0.01012297360433497
problem solved,0.00998955078414979
worst service,0.009729058310282278
poor service,0.009537695265523434
products,0.009132722655810908
days,0.008903109599842722
services,0.008875659310143722
information,0.008745300168300971
seller,0.008603998441669907
received,0.00859434059747251
quality,0.008393826825992958
thanks,0.008264203930794668
item,0.00813396277559899
help,0.008129412548345082
care,0.008118050770909968
resolution,0.007960951547040887
fake,0.007671167015094337
worst experience,0.007632714632335751
solve problem,0.007631102541806695
customers,0.007607683074561772
solution,0.007427713815305629
team,0.0073435345539633375
service shopzilla,0.00732849357811403
customer support,0.007287374070245759
agent,0.007271411410668351
missing,0.007108235897870069
cancel,0.0070633228536962165
complaint,0.0069756259523442955
disappointed,0.006877539855691179
company,0.00679816318734441
app,0.006748984886742906
problem solve,0.006736215537155906
response,0.006707684500231452
customer care,0.006667981381391642
sellers,0.006667395569473616
issues,0.006543637578069427
comments,0.006259752386114211
just,0.006253480006373727
need,0.006167000670512446
delay,0.006026833333879313
waste,0.0059884366078871275
money,0.005987303796327391
cancelled,0.005903575411900957
query,0.005878520274400372
didn,0.005799189566327535
problems,0.005694348925874854
make,0.005650548667266459
request,0.0055509456417864545
return policy,0.005526175596247607
provided,0.005363048309384032
satisfied,0.005290555708242595
date,0.005265580764955553
got,0.005183805536531045
replacement,0.005168224348811615
want,0.0051508695800188825
action,0.005147260731259753
provide,0.005146394477733206
boy,0.005134154286769748
experience shopzilla,0.005101861040641337
deliver,0.005094469721285029
person,0.0050889917445978575
pathetic service,0.005036484910756329
like,0.004998067893988271
times,0.0048638517978178844
getting,0.004774828024449923
option,0.004739877773413359
wrong product,0.004654847285595926
proper,0.004643218276270905
able,0.004604813231957153
pay,0.004600067417150865
ordered,0.0045353163029640126
damaged,0.004533496361633773
unhappy,0.0044509158040728115
understand,0.004393716141652277
items,0.004377138034317343
try,0.004375536846823174
totally,0.004363111173350663
worst customer,0.0043575895750005075
complain,0.004316666789883018
problem resolved,0.004315112358863486
hai,0.004293252760934606
till,0.004267424063791549
given,0.004260940455955312
behaviour,0.004229682104211693
people,0.004159319073540011
cut,0.0040009532267639755
day,0.003994410174808756
issue solved,0.003982494195845679
really,0.003941848146801022
solving,0.003835975823750539
useless,0.0038288389722168728
giving,0.003811150830234529
customer executive,0.0037822481282282455
stop,0.003774044748049593
working,0.0037472150888356558
plz,0.003739138890060644
feedback,0.0037172147309789847
delivery boy,0.0036808850160462703
defective,0.0036677670538455887
work,0.003660397977982075
exchange,0.0036035349269306852
se,0.0035314470434445132
number,0.0035091004797766804
did,0.0034976490737231706
delivery agent,0.0034907351828718197
month,0.003485457686489711
policies,0.0034783831249849016
orders,0.003462557913223494
product delivered,0.0034459737165889225
available,0.0034423103172760896
phone,0.003388431891556617
10,0.0033626961999043596
executives,0.0033238855244446023
sorry,0.0032902272319844566
send,0.003269958059826167
cancel order,0.0032036870858739956
purchase,0.0031972108462187568
later,0.0031863070401563233
account,0.0031804162570062346
contact,0.0031433025253630605
today,0.0031406651353035725
voice,0.0031360834926537225
know,0.0031356183723385785
shopping,0.003117415173810664
good service,0.0031123934933428928
delayed,0.0030937560415234683
service poor,0.003092112113361573
buy,0.003076792721072289
doing,0.003072686584451924
pls,0.003065148243621123
pickup,0.003046569997139292
concern,0.0030429820719996992
check,0.003036465363764597
regarding,0.0030312071554449036
pick,0.0029927507089573687
delivery service,0.0029789383479047514
fool,0.002911854073126089
guys,0.0029035219433975663
payment,0.0028640904500136432
disconnected,0.0028484132789950442
superbuy,0.0028389620093440867
change,0.0028358057732883867
service good,0.0028257028720121077
resolving,0.0028094278160702185
end,0.002798525275104974
say,0.0027671168724694916
improve,0.0027426747952871227
shopzilla service,0.0027423339078498526
process,0.0027202694447203916
taken,0.0027145635659194564
rude,0.0027095364031528343
possible,0.002624099102040705
related,0.002617552017114156
pay later,0.0025989740014155903
receive,0.002591631994996248
damage,0.002589606211450825
clear,0.00255768433576345
different,0.002534467095726131
said,0.0025338327171737086
helpful,0.002522524061754323
waiting,0.0025208253404136066
talk,0.0025185917139665358
size,0.0025124522772184675
thank,0.002509434838165601
resolve problem,0.002499703480531606
warranty,0.0024953502662016487
difficult,0.002490046083472914
raised,0.002487091018217674
taking,0.0024841304586308006
soon,0.0024572023166669096
told,0.0024154330240842617
talking,0.002408645907508716
wait,0.0024055889988579436
platform,0.002402973024352552
service bad,0.0023965660373454017
sir,0.002389028020289244
instead,0.002385361820195543
dont,0.0023743923475976663
shopzilla customer,0.0023706967826151787
sarvice,0.0023496374460968573
use,0.0023252372909130683
going,0.002316563030428068
facing,0.0023119321108218036
case,0.0023060540551772895
knowledge,0.0022986186273782514
installation,0.002289225321410002
wrong information,0.002245265388394808
update,0.0022403772539295397
poor quality,0.002238241319805265
logistics,0.0022344587194846194
slove,0.0022343152757857434
providing,0.0022338170752690305
cheating,0.002224665500957841
avoid,0.002217313753901384
saying,0.0022145109883601236
resolve issue,0.0022065996402490526
return request,0.0021977610583662913
mera,0.002194728037270809
unprofessional,0.002191239611416677
partner,0.0021837725389883276
making,0.0021610476274917037
long,0.0021295972604374676
properly,0.0021292194113918285
senior,0.002120689302105356
consumer,0.0021139006989114232
product delivery,0.00210827037642871
bad shopzilla,0.002098640266767376
address,0.0020968524972814623
u2019t,0.002090124467131267
grocery,0.002089107895428761
hold,0.002052935359722572
online,0.0020471923133471384
doesn,0.002046247452696506
costumer,0.0020306071914986705
showing,0.0020302662797343305
open,0.0020296500638750156
ka,0.002024428252218775
thing,0.0020179992942683488
15,0.0019975168295375788
called,0.0019746875611886187
quickly,0.001970709343513931
disgusting,0.0019698474923896332
used,0.001968398567153699
site,0.001956395088835052
ur,0.0019354019245023354
disconnect,0.0019308370975950654
return product,0.001924064165137521
returned,0.00191207540107696
soon possible,0.0019071863313287762
horrible,0.001904085452346898
agents,0.0019026490701943486
bad customer,0.0019021754134102488
solve problems,0.0019018108864216304
solved problem,0.0018991845592488204
scam,0.0018887099136745788
kindly,0.001883409614357023
support team,0.0018727998436748488
poor delivery,0.0018689339501987339
unable,0.0018679684941196614
non,0.0018302195121230273
wasting,0.0018285537569892529
happy shopzilla,0.0018213247983471662
plus,0.0018169734515580656
website,0.0018093471441575533
10 days,0.0018050614451145853
calls,0.0018019577761221744
poor customer,0.001799576972997791
place,0.001795346578389132
raise,0.001790695352376024
meri,0.0017807289295854057
answer,0.0017740773149440658
reach,0.0017729326115054045
new,0.0017719070689617906
bhi,0.0017665971101532172
tell,0.0017634711284787228
aug,0.0017623503498625144
cheat,0.001760853831112518
email,0.0017595872965436785
mistake,0.001756919134996
hi,0.0017531548833374531
lot,0.001753015556226187
disappointed shopzilla,0.0017460454901870595
seen,0.0017431542545779735
trying,0.00174089896075708
think,0.0017379233305098798
selling,0.0017262330082964935
coustomer,0.0017236393109264993
loss,0.001721213130936904
complete,0.001720460034133657
completely,0.001709290172118015
bed,0.0017083793502981465
complaints,0.0017018776923296128
months,0.0017017531092859018
staff,0.0017013421100799916
behavior,0.001700299522461532
future,0.0016975621086456815
calling,0.0016960800956213314
better,0.001690390938034917
rs,0.0016898321801746279
mentioned,0.0016792669729065908
disappointing,0.001676758796381642
pending,0.0016731219638174888
tried,0.0016731182028385005
delivery time,0.0016657136730877107
speak,0.0016586072650271269
ki,0.0016561829953638863
delivery person,0.0016483959935768026
solve issue,0.001645459872582704
charges,0.0016439596791918626
conversation,0.0016221712723063716
care executive,0.0016204396281663369
hell,0.001616702951724962
delivering,0.0016159649844250013
courier,0.0016112343791974907
sending,0.0016040530806917224
damaged product,0.0016032662182321792
gave,0.0015929122085610711
aap,0.0015919305662659457
packaging,0.0015880263300148967
technical,0.0015844374668920007
wasted,0.0015821684088054224
duplicate,0.0015810609761037933
sent,0.001578235424824327
way,0.001577552174233705
sell,0.0015767017214994268
brand,0.0015669883147135498
came,0.0015661043974156477
immediately,0.0015656466471646925
does,0.001564947879884455
having,0.001563151228922382
resolved issue,0.0015608284025786423
dissatisfied,0.0015500680557059391
sure,0.00154493314518887
shopzilla pay,0.0015412749138385205
understand problem,0.0015402929241581913
order cancelled,0.0015390489013008268
pathetic experience,0.0015356106944814309
kar,0.0015329719684880382
reason,0.0015260803526203615
shopzilla bad,0.0015250245603083943
worst app,0.0015162593586855217
placed,0.0015154931872162077
august,0.0015140618126146524
lost,0.0015135460133711284
late,0.001505403163934219
pathetic customer,0.00150525041844423
faced,0.001503191932049859
price,0.0014893151753041286
false,0.00148789902976655
right,0.0014867206599348175
remove,0.0014845444362936886
ho,0.0014842169593538537
slow,0.0014767616852731993
box,0.0014764661166315363
waste time,0.0014729413078031243
meri problem,0.00147119308399729
nice,0.001470990436377561
language,0.0014705404257923653
product return,0.0014568335137131168
needs,0.0014566191356656715
details,0.0014563645688823374
product shopzilla,0.0014494461212771774
look,0.0014338657398523696
member,0.001421961865942358
come,0.001419643171522659
delivery partner,0.0014178077893819494
sale,0.0014105412388793104
correct,0.0014070509667525708
responsibility,0.0014063689772430368
asking,0.0014015400973139244
bank,0.001395321401075036
shopzilla delivery,0.0013913294827991708
review,0.0013910233788918844
product missing,0.0013804973721804436
nhi,0.0013792553358927295
type,0.0013720096282105174
fault,0.0013674602139735791
frustrated,0.0013658111101695382
shopzilla support,0.0013647470770771011
multiple,0.0013577437035710422
helping,0.0013521629839536855
representative,0.0013483395456529857
product received,0.0013419122356022888
center,0.0013392803712956752
mobile,0.0013384666440918085
hours,0.0013284170540508212
broken,0.0013245113352861595
class,0.0013234998403592534
interaction,0.00131592176636432
using,0.0013147975447288152
nahi,0.0013104069043244244
expected,0.0013081300073868184
hard,0.0012997309846571716
support executive,0.0012978136430998348
status,0.0012960678396193705
aur,0.0012910082255766372
returnable,0.0012909734953439934
shopzilla worst,0.0012900774940587455
kiya,0.001288370047264424
extremely,0.001284783800603732
minutes,0.0012835232281554066
hear,0.0012746018647913377
polite,0.0012714149007980401
long time,0.0012687158256944873
ke,0.0012665944312915491
delivery executive,0.0012562852078120753
suffering,0.0012539549274275864
quality products,0.0012455932104221171
matter,0.0012427907901435388
invoice,0.0012322153305817172
trust,0.0012295442169638095
replace,0.0012234592735723782
purchasing,0.001219111879208685
making fool,0.0012114834787496198
refund money,0.0012025905269674965
receiving,0.0011983861889219053
package,0.0011980530010990004
extra,0.0011973091802646018
kind,0.0011944540608646503
asked,0.0011814736526061865
updated,0.0011760534444018702
defective product,0.0011759371397705653
happened,0.0011690090996023645
listen,0.0011681658666501899
open box,0.0011672618973138666
shopzilla team,0.001162332234604199
automatically,0.0011607805386491764
wrong item,0.0011584707373025497
parcel,0.0011550045263715397
rejected,0.0011469325668502345
offer,0.0011458979651193212
message,0.001141808779334198
face,0.0011383035398008158
life,0.0011254098558766605
yesterday,0.0011245796048000166
picked,0.0011240210894354471
things,0.001123534891925564
atleast,0.0011105642544184645
received wrong,0.0010969839711281726
second,0.0010961363504693204
order cancel,0.0010936669044167536
order delivery,0.0010703275598801121
order shopzilla,0.0010661696786966085
gets,0.001064671033254543
court,0.0010629203725395957
add,0.0010619668467228079
man,0.001056172728403082
otp,0.00105225821998721
strict,0.0010462757867281884
shown,0.0010450910066335376
actually,0.0010388812315611452
denied,0.0010366780487812016
plus member,0.001034716580039025
ne,0.0010329150399892382
accept,0.0010296676311172318
value,0.0010263113719942833
connect,0.0010232820782895813
tv,0.0010207690987523886
koi,0.0010203939948995743
took,0.0010163559545862243
mujhe,0.001015969199330064
mere,0.0010092728003669752
office,0.000992731053430769
old,0.000984636433264166
line,0.0009841237141404251
image,0.0009723989911770616
buy product,0.000962281561862181
telling,0.0009565193549373874
24,0.0009513121774505747
box delivery,0.0009493669376083688
delivery date,0.0009382754039935629
paid,0.0009368270212567117
shopzilla seller,0.0009282712510529274
returns,0.0009178493614428216
shop,0.0009177657899932996
kr,0.0009144560549998603
consumer court,0.0008822765524642631
july,0.0008672325449402314
canceled,0.0008629087560498735
colour,0.00084906385389134
bought,0.0008479622777397637
na,0.0008423794062671242
small,0.0008405964878601104
2023,0.0008365570283934262
shopzilla app,0.0008321892274888625
authority,0.0008269595949984341
baar,0.0007545102879159805
worst worst,0.000673599765832951
